model,cluster,n,status,converged,reason,odds_ratio,or_lo,or_hi,p
unadjusted,person_id,194,ok,True,,5.319674472932552,2.9079089996967133,9.731713234809522,5.831678032543368e-08
unadjusted,run_id,217,ok,True,,4.270263029639815,2.5931399468667853,7.032071818700568,1.1696967267376594e-08
ANALYSIS-SPECIFIED adjusted,person_id,194,ok,True,,5.356210490782871,2.5544836732611906,11.230837418094193,8.88825769959452e-06
ANALYSIS-SPECIFIED adjusted,run_id,217,ok,True,,5.667811721519428,3.4916697838897437,9.20020840997357,2.2350691281111903e-12
"adjusted, phase not day",person_id,194,not_converged,False,GEE did not converge,5.2529909538555515,2.480053215286364,11.126339463688515,1.4781341786257187e-05
"adjusted, phase not day",run_id,217,ok,True,,5.252171486408843,2.999135465923245,9.19775236433153,6.558756934805614e-09
