state,size,sum,median,max
HS1,4,4891.314716469005,742.8676230270012,2920.7810034930008
HS2,8,7694.239625385995,603.3354068574997,3110.271846782998
