metric,p,q_bh,sig_0.05
B3_deficit_pursuit,1.0883488080604342e-05,1.0883488080604342e-05,True
