family,metric,p,q_bh,sig_0.05
RQ1/2-behaviour,B3_deficit_pursuit,1.9947014769267946e-06,7.978805907707179e-06,True
RQ1/2-behaviour,B8_reached_ss4,0.0022653461761791196,0.004530692352358239,True
RQ1/2-behaviour,B8_active_energy_cost,0.17734184910944062,0.2364557988125875,False
RQ1/2-behaviour,B8_n_turns,0.49786278012426344,0.49786278012426344,False
RQ3-adaptation,B10_dose_affinity,1.629672051035867e-13,4.889016153107601e-13,True
RQ3-adaptation,B10_role_meal_rate,0.01349405733535476,0.01578920600818486,True
RQ3-adaptation,B10_prior_aff_prioritisation,0.01578920600818486,0.01578920600818486,True
