metric,p,q_bh,sig_0.05
B8_reached_ss4,0.01646143973583551,0.06584575894334203,False
B3_hunger_reply,0.13648856792598463,0.26462743016635076,False
B8_n_turns,0.1984705726247631,0.26462743016635076,False
B8_active_energy_cost,0.3491877128600823,0.3491877128600823,False
