metric,p,q_bh,sig_0.05
B3_deficit_pursuit,1.0883488080604342e-05,4.353395232241737e-05,True
B8_reached_ss4,0.01646143973583551,0.03292287947167102,True
B8_n_turns,0.1984705726247631,0.26462743016635076,False
B8_active_energy_cost,0.3491877128600823,0.3491877128600823,False
