target,feature_set,auc,pr_auc
replied_any,social-only,0.8611377245508982,0.9433969616326685
replied_any,social+hunger,0.868562874251497,0.94657815435173
reached_ss4,social-only,0.9033395176252319,0.9311218309126541
reached_ss4,social+hunger,0.9354359925788498,0.9554672238319518
