target,auc_social_only,auc_social_hunger,auc_delta,pr_auc_social_only,pr_auc_social_hunger,pr_auc_delta
replied_any,0.5862874251497008,0.7111377245508983,0.12485029940119752,0.7823411343362265,0.8377225653294009,0.055381430993174385
reached_ss4,0.6687384044526902,0.7571428571428572,0.08840445269016706,0.7423749088270264,0.8104481416832485,0.06807323285622213
