target,auc_social_only,auc_social_hunger,auc_delta,pr_auc_social_only,pr_auc_social_hunger,pr_auc_delta
replied_any,0.818502994011976,0.8325748502994013,0.014071856287425244,0.9160188004219706,0.9158121911264907,-0.00020660929547988705
reached_ss4,0.9028756957328385,0.9330241187384045,0.030148423005565972,0.9312208710432845,0.9542240324289423,0.023003161385657722
