target,auc_social_only,auc_social_hunger,auc_delta,pr_auc_social_only,pr_auc_social_hunger,pr_auc_delta
replied_any,0.8611377245508982,0.868562874251497,0.007425149700598821,0.9433969616326685,0.94657815435173,0.0031811927190614764
reached_ss4,0.9033395176252319,0.9354359925788498,0.03209647495361789,0.9311218309126541,0.9554672238319518,0.024345392919297715
