target,feature_set,auc,pr_auc
replied_any,social-only,0.818502994011976,0.9160188004219706
replied_any,social+hunger,0.8325748502994013,0.9158121911264907
reached_ss4,social-only,0.9028756957328385,0.9312208710432845
reached_ss4,social+hunger,0.9330241187384045,0.9542240324289423
