target,feature_set,auc,pr_auc
replied_any,social-only,0.5862874251497008,0.7823411343362265
replied_any,social+hunger,0.7111377245508983,0.8377225653294009
reached_ss4,social-only,0.6687384044526902,0.7423749088270264
reached_ss4,social+hunger,0.7571428571428572,0.8104481416832485
