feature,auc_without,pr_auc_without,auc_loss,pr_auc_loss
ss_rank,0.4865027829313544,0.6311903342400228,0.2706400742115028,0.17925780744322573
hs_rank,0.6687384044526902,0.7423749088270264,0.08840445269016706,0.06807323285622213
