target,cv,model,auc,pr_auc,baseline_pr,n,pos
replied_any,leave-one-run-out,logit(L2),0.6832934131736527,0.8674251328941942,0.7695852534562212,217,167
replied_any,leave-one-run-out,gbm,0.868562874251497,0.94657815435173,0.7695852534562212,217,167
replied_any,leave-one-person-out,logit(L2),0.6532934131736527,0.8795451447477947,0.7695852534562212,217,167
replied_any,leave-one-person-out,gbm,0.8835329341317365,0.9534598278954438,0.7695852534562212,217,167
reached_ss4,leave-one-run-out,logit(L2),0.737847866419295,0.8355331227890517,0.6451612903225806,217,140
reached_ss4,leave-one-run-out,gbm,0.9354359925788498,0.9554672238319518,0.6451612903225806,217,140
reached_ss4,leave-one-person-out,logit(L2),0.72987012987013,0.8249636691932147,0.6451612903225806,217,140
reached_ss4,leave-one-person-out,gbm,0.9197588126159555,0.9232109546156497,0.6451612903225806,217,140
