covariate,smd_unweighted,smd_weighted
fed,-0.14088430163743856,-0.05005678507551408
z_n_turns,0.003306937524106995,0.07905716576148113
