model,people,n_events,duration_slope,lo,hi,p
primary (all named people),14,96,0.1679251654074517,0.12330452395752062,0.21254580685738278,1.629672051035867e-13
robustness (merged people excluded),12,75,0.23006917072241953,0.16978643008857566,0.29035191135626337,7.420647671105616e-14
