model,n,people,term,slope,lo,hi,p
PRIMARY: n_turns (all events),204,14,z_n_turns,0.0406677758503474,0.015690392645372916,0.06564515905532188,0.0014169198732650852
"SECONDARY: duration, complete case",96,14,z_duration_sec,0.09984608272516365,0.05735806851464796,0.14233409693567933,4.1072375211429685e-06
"SECONDARY: duration, IPW",96,14,z_duration_sec,0.10931913511455932,0.002486745010408034,0.21615152521871062,0.04490041512387919
"OLD SPEC: duration, no controls",96,14,z_duration_sec,0.1679251654074517,0.12330452395752062,0.21254580685738278,1.629672051035867e-13
