metric,primary,boot_lo,boot_median,boot_hi,successful_refits,unit
B3_deficit_feeding_OR,5.319674472932552,2.76795173495123,5.220912314635483,9.04645467819585,1000,person-cluster bootstrap over interactions
B3_deficit_feeding_OR_runcluster,5.319674472932552,2.6348733234003996,4.2101738721803255,7.093101663054745,1000,run-cluster bootstrap over interactions
B4_starving_override_OR_firth,0.04811300613927196,,,,0,person-cluster bootstrap over interactions (Firth)
B5a_meal_size_slope,10.878962536023046,6.164034853202921,10.712421861558756,13.975124583563368,1000,run-cluster bootstrap over meals
B5a_meal_size_slope_excl_feeders,7.077464788732378,2.0120741686266665,7.0167166108467,12.206061625700544,1000,"run-cluster bootstrap over meals, obligated feeders excluded"
B10_role_DELIVERED_ENERGY_ratio,4.292134831460674,1.6342105263157893,4.745762711864407,20.033333333333324,895,"person-cluster bootstrap, delivered energy per SCHEDULED day"
B10_role_MEALS_PER_INTERACTION_ratio,1.1409897292250233,0.0,1.1895424836601307,2.7515311244979905,1000,"person-cluster bootstrap, meals per interaction"
B10_dose_slope_n_turns_controlled,0.0406677758503474,0.008749735950299676,0.057559250707206924,0.1554373981060567,1000,person-cluster bootstrap over ALL learning events
B10_prior_affinity_RR_per_eligible_opportunity,1.0280685128198124,0.9999999999433282,1.0233623007858126,1.10473625188714,1000,"person-cluster bootstrap, offset by eligible detections"
